<?xml version="1.0" encoding="UTF-8"?><?xml-stylesheet type='text/xsl' href='_UpgradeReport_Files/UpgradeReport.xslt'?><UpgradeLog>
<Properties><Property Name="Solution" Value="Dice">
</Property><Property Name="Solution File" Value="C:\Projects\Reactive\Dice\Dice.sln">
</Property><Property Name="User Options File" Value="C:\Projects\Reactive\Dice\Dice.v11.suo">
</Property><Property Name="Date" Value="Monday, March 05, 2012">
</Property><Property Name="Time" Value="22:36 PM">
</Property></Properties><Event ErrorLevel="3" Project="" Source="Dice.sln" Description="SafeUpgrade">
</Event><Event ErrorLevel="0" Project="" Source="Dice.sln" Description="File successfully backed up as C:\Projects\Reactive\Dice\Backup\Dice.sln">
</Event><Event ErrorLevel="0" Project="" Source="Dice.v11.suo" Description="File successfully backed up as C:\Projects\Reactive\Dice\Backup\Dice.v11.suo">
</Event><Event ErrorLevel="3" Project="DiceService" Source="DiceService\DiceService.csproj" Description="SafeUpgrade">
</Event><Event ErrorLevel="0" Project="DiceService" Source="DiceService\DiceService.csproj" Description="Project file successfully backed up as C:\Projects\Reactive\Dice\Backup\DiceService\DiceService.csproj">
</Event><Event ErrorLevel="0" Project="DiceService" Source="DiceService\DiceService.csproj.user" Description="Project user file successfully backed up as C:\Projects\Reactive\Dice\Backup\DiceService\DiceService.csproj.user">
</Event><Event ErrorLevel="0" Project="DiceService" Source="DiceService\Randomizer.svc.cs" Description="File successfully backed up as C:\Projects\Reactive\Dice\Backup\DiceService\Randomizer.svc.cs">
</Event><Event ErrorLevel="0" Project="DiceService" Source="DiceService\IRandomizer.cs" Description="File successfully backed up as C:\Projects\Reactive\Dice\Backup\DiceService\IRandomizer.cs">
</Event><Event ErrorLevel="0" Project="DiceService" Source="DiceService\Properties\AssemblyInfo.cs" Description="File successfully backed up as C:\Projects\Reactive\Dice\Backup\DiceService\Properties\AssemblyInfo.cs">
</Event><Event ErrorLevel="0" Project="DiceService" Source="DiceService\Randomizer.svc" Description="File successfully backed up as C:\Projects\Reactive\Dice\Backup\DiceService\Randomizer.svc">
</Event><Event ErrorLevel="0" Project="DiceService" Source="DiceService\Web.config" Description="File successfully backed up as C:\Projects\Reactive\Dice\Backup\DiceService\Web.config">
</Event><Event ErrorLevel="0" Project="DiceService" Source="DiceService\Web.Debug.config" Description="File successfully backed up as C:\Projects\Reactive\Dice\Backup\DiceService\Web.Debug.config">
</Event><Event ErrorLevel="0" Project="DiceService" Source="DiceService\Web.Release.config" Description="File successfully backed up as C:\Projects\Reactive\Dice\Backup\DiceService\Web.Release.config">
</Event><Event ErrorLevel="0" Project="DiceService" Source="DiceService\DiceService.csproj" Description="Project converted successfully">
</Event><Event ErrorLevel="3" Project="DiceService" Source="DiceService\DiceService.csproj" Description="Converted">
</Event><Event ErrorLevel="2" Project="Dice" Source="Dice\Dice.csproj" Description="The project file 'C:\Projects\Reactive\Dice\Dice\Dice.csproj' cannot be opened.&#xA;&#xA;There is a missing project subtype.&#xA;Subtype: '{C089C8C0-30E0-4E22-80C0-CE093F111A43}' is unsupported by this installation. http://go.microsoft.com/fwlink/?prd=12395&amp;pver=11&amp;sbp=ProjectTypeDeprecated&amp;plcid=0x409&amp;clcid=0x409&amp;ar=MSDN&amp;sar=ProjectCompatibility&amp;o1={C089C8C0-30E0-4E22-80C0-CE093F111A43}">
</Event><Event ErrorLevel="2" Project="DiceService" Source="DiceService\DiceService.csproj" Description="The Web Application Project DiceService is configured to use IIS. Unable to access the IIS metabase. You do not have sufficient privilege to access IIS web sites on your machine.">
</Event><Event ErrorLevel="0" Project="" Source="Dice.sln" Description="Solution converted successfully">
</Event><Event ErrorLevel="3" Project="" Source="Dice.sln" Description="Converted">
</Event></UpgradeLog>