<?xml version="1.0" encoding="UTF-8"?><?xml-stylesheet type='text/xsl' href='_UpgradeReport_Files/UpgradeReport.xslt'?><UpgradeLog>
<Properties><Property Name="Solution" Value="Dice">
</Property><Property Name="Solution File" Value="E:\Projects\Reactive\Dice\Dice.sln">
</Property><Property Name="User Options File" Value="E:\Projects\Reactive\Dice\Dice.suo">
</Property><Property Name="Date" Value="Thursday, October 11, 2012">
</Property><Property Name="Time" Value="22:01 PM">
</Property><Property Name="Log Number" Value="3">
</Property></Properties><Event ErrorLevel="0" Project="" Source="Dice.sln" Description="File successfully backed up as E:\Projects\Reactive\Dice\Backup2\Dice.sln">
</Event><Event ErrorLevel="0" Project="" Source="Dice.suo" Description="File successfully backed up as E:\Projects\Reactive\Dice\Backup2\Dice.suo">
</Event><Event ErrorLevel="0" Project="Dice" Source="Dice\Dice.csproj" Description="Project file successfully backed up as E:\Projects\Reactive\Dice\Backup2\Dice\Dice.csproj">
</Event><Event ErrorLevel="0" Project="Dice" Source="Dice\Dice.csproj.user" Description="Project user file successfully backed up as E:\Projects\Reactive\Dice\Backup2\Dice\Dice.csproj.user">
</Event><Event ErrorLevel="0" Project="Dice" Source="Dice\App.xaml.cs" Description="File successfully backed up as E:\Projects\Reactive\Dice\Backup2\Dice\App.xaml.cs">
</Event><Event ErrorLevel="0" Project="Dice" Source="Dice\MainPage.xaml.cs" Description="File successfully backed up as E:\Projects\Reactive\Dice\Backup2\Dice\MainPage.xaml.cs">
</Event><Event ErrorLevel="0" Project="Dice" Source="Dice\Properties\AssemblyInfo.cs" Description="File successfully backed up as E:\Projects\Reactive\Dice\Backup2\Dice\Properties\AssemblyInfo.cs">
</Event><Event ErrorLevel="0" Project="Dice" Source="Dice\Randomizer.cs" Description="File successfully backed up as E:\Projects\Reactive\Dice\Backup2\Dice\Randomizer.cs">
</Event><Event ErrorLevel="0" Project="Dice" Source="Dice\Service References\RandomizerService\Reference.cs" Description="File successfully backed up as E:\Projects\Reactive\Dice\Backup2\Dice\Service References\RandomizerService\Reference.cs">
</Event><Event ErrorLevel="0" Project="Dice" Source="Dice\ShakeObserver.cs" Description="File successfully backed up as E:\Projects\Reactive\Dice\Backup2\Dice\ShakeObserver.cs">
</Event><Event ErrorLevel="0" Project="Dice" Source="Dice\ViewModels\Die.cs" Description="File successfully backed up as E:\Projects\Reactive\Dice\Backup2\Dice\ViewModels\Die.cs">
</Event><Event ErrorLevel="0" Project="Dice" Source="Dice\ViewModels\MainViewModel.cs" Description="File successfully backed up as E:\Projects\Reactive\Dice\Backup2\Dice\ViewModels\MainViewModel.cs">
</Event><Event ErrorLevel="0" Project="Dice" Source="Dice\ClassDiagram1.cd" Description="File successfully backed up as E:\Projects\Reactive\Dice\Backup2\Dice\ClassDiagram1.cd">
</Event><Event ErrorLevel="0" Project="Dice" Source="Dice\Properties\AppManifest.xml" Description="File successfully backed up as E:\Projects\Reactive\Dice\Backup2\Dice\Properties\AppManifest.xml">
</Event><Event ErrorLevel="0" Project="Dice" Source="Dice\Properties\WMAppManifest.xml" Description="File successfully backed up as E:\Projects\Reactive\Dice\Backup2\Dice\Properties\WMAppManifest.xml">
</Event><Event ErrorLevel="0" Project="Dice" Source="Dice\Service References\RandomizerService\Dice.RandomizerService.DiceContract.datasource" Description="File successfully backed up as E:\Projects\Reactive\Dice\Backup2\Dice\Service References\RandomizerService\Dice.RandomizerService.DiceContract.datasource">
</Event><Event ErrorLevel="0" Project="Dice" Source="Dice\Service References\RandomizerService\configuration91.svcinfo" Description="File successfully backed up as E:\Projects\Reactive\Dice\Backup2\Dice\Service References\RandomizerService\configuration91.svcinfo">
</Event><Event ErrorLevel="0" Project="Dice" Source="Dice\Service References\RandomizerService\configuration.svcinfo" Description="File successfully backed up as E:\Projects\Reactive\Dice\Backup2\Dice\Service References\RandomizerService\configuration.svcinfo">
</Event><Event ErrorLevel="0" Project="Dice" Source="Dice\Service References\RandomizerService\Randomizer1.wsdl" Description="File successfully backed up as E:\Projects\Reactive\Dice\Backup2\Dice\Service References\RandomizerService\Randomizer1.wsdl">
</Event><Event ErrorLevel="0" Project="Dice" Source="Dice\Service References\RandomizerService\Randomizer3.xsd" Description="File successfully backed up as E:\Projects\Reactive\Dice\Backup2\Dice\Service References\RandomizerService\Randomizer3.xsd">
</Event><Event ErrorLevel="0" Project="Dice" Source="Dice\Service References\RandomizerService\Randomizer31.xsd" Description="File successfully backed up as E:\Projects\Reactive\Dice\Backup2\Dice\Service References\RandomizerService\Randomizer31.xsd">
</Event><Event ErrorLevel="0" Project="Dice" Source="Dice\Service References\RandomizerService\Randomizer32.xsd" Description="File successfully backed up as E:\Projects\Reactive\Dice\Backup2\Dice\Service References\RandomizerService\Randomizer32.xsd">
</Event><Event ErrorLevel="0" Project="Dice" Source="Dice\Service References\RandomizerService\Reference.svcmap" Description="File successfully backed up as E:\Projects\Reactive\Dice\Backup2\Dice\Service References\RandomizerService\Reference.svcmap">
</Event><Event ErrorLevel="0" Project="Dice" Source="Dice\Service References\RandomizerService\Randomizer1.disco" Description="File successfully backed up as E:\Projects\Reactive\Dice\Backup2\Dice\Service References\RandomizerService\Randomizer1.disco">
</Event><Event ErrorLevel="0" Project="Dice" Source="Dice\ServiceReferences.ClientConfig" Description="File successfully backed up as E:\Projects\Reactive\Dice\Backup2\Dice\ServiceReferences.ClientConfig">
</Event><Event ErrorLevel="0" Project="Dice" Source="Dice\ApplicationIcon.png" Description="File successfully backed up as E:\Projects\Reactive\Dice\Backup2\Dice\ApplicationIcon.png">
</Event><Event ErrorLevel="0" Project="Dice" Source="Dice\SplashScreenImage.jpg" Description="File successfully backed up as E:\Projects\Reactive\Dice\Backup2\Dice\SplashScreenImage.jpg">
</Event><Event ErrorLevel="0" Project="Dice" Source="Dice\Background.png" Description="File successfully backed up as E:\Projects\Reactive\Dice\Backup2\Dice\Background.png">
</Event><Event ErrorLevel="0" Project="Dice" Source="Dice\App.xaml" Description="File successfully backed up as E:\Projects\Reactive\Dice\Backup2\Dice\App.xaml">
</Event><Event ErrorLevel="0" Project="Dice" Source="Dice\MainPage.xaml" Description="File successfully backed up as E:\Projects\Reactive\Dice\Backup2\Dice\MainPage.xaml">
</Event><Event ErrorLevel="0" Project="Dice" Source="Dice\Dice.csproj" Description="The project file does not require conversion.">
</Event><Event ErrorLevel="3" Project="Dice" Source="Dice\Dice.csproj" Description="No Conversion Required">
</Event><Event ErrorLevel="0" Project="DiceService" Source="DiceService\DiceService.csproj" Description="Project file successfully backed up as E:\Projects\Reactive\Dice\Backup2\DiceService\DiceService.csproj">
</Event><Event ErrorLevel="0" Project="DiceService" Source="DiceService\DiceService.csproj.user" Description="Project user file successfully backed up as E:\Projects\Reactive\Dice\Backup2\DiceService\DiceService.csproj.user">
</Event><Event ErrorLevel="0" Project="DiceService" Source="DiceService\Randomizer.svc.cs" Description="File successfully backed up as E:\Projects\Reactive\Dice\Backup2\DiceService\Randomizer.svc.cs">
</Event><Event ErrorLevel="0" Project="DiceService" Source="DiceService\IRandomizer.cs" Description="File successfully backed up as E:\Projects\Reactive\Dice\Backup2\DiceService\IRandomizer.cs">
</Event><Event ErrorLevel="0" Project="DiceService" Source="DiceService\Properties\AssemblyInfo.cs" Description="File successfully backed up as E:\Projects\Reactive\Dice\Backup2\DiceService\Properties\AssemblyInfo.cs">
</Event><Event ErrorLevel="0" Project="DiceService" Source="DiceService\Randomizer.svc" Description="File successfully backed up as E:\Projects\Reactive\Dice\Backup2\DiceService\Randomizer.svc">
</Event><Event ErrorLevel="0" Project="DiceService" Source="DiceService\Web.config" Description="File successfully backed up as E:\Projects\Reactive\Dice\Backup2\DiceService\Web.config">
</Event><Event ErrorLevel="0" Project="DiceService" Source="DiceService\Web.Debug.config" Description="File successfully backed up as E:\Projects\Reactive\Dice\Backup2\DiceService\Web.Debug.config">
</Event><Event ErrorLevel="0" Project="DiceService" Source="DiceService\Web.Release.config" Description="File successfully backed up as E:\Projects\Reactive\Dice\Backup2\DiceService\Web.Release.config">
</Event><Event ErrorLevel="0" Project="DiceService" Source="DiceService\DiceService.csproj" Description="Project converted successfully">
</Event><Event ErrorLevel="3" Project="DiceService" Source="DiceService\DiceService.csproj" Description="Converted">
</Event></UpgradeLog>